<?xml version="1.0" encoding="UTF-8"?>
<project-private xmlns="http://www.netbeans.org/ns/project-private/1">
    <editor-bookmarks xmlns="http://www.netbeans.org/ns/editor-bookmarks/2" lastBookmarkId="0"/>
    <open-files xmlns="http://www.netbeans.org/ns/projectui-open-files/2">
        <group>
            <file>file:/C:/Users/HP/Documents/NetBeansProjects/JISDemo/web/courtRegistrarDashboard.jsp</file>
            <file>file:/C:/Users/HP/Documents/NetBeansProjects/JISDemo/src/java/com/webapp/getPendingCasesServlet.java</file>
            <file>file:/C:/Users/HP/Documents/NetBeansProjects/JISDemo/web/getPendingCases.jsp</file>
            <file>file:/C:/Users/HP/Documents/NetBeansProjects/JISDemo/src/java/com/webapp/viewAssignedCaseServlet.java</file>
            <file>file:/C:/Users/HP/Documents/NetBeansProjects/JISDemo/web/viewAssignedCase.jsp</file>
            <file>file:/C:/Users/HP/Documents/NetBeansProjects/JISDemo/web/judgeDashboard.jsp</file>
            <file>file:/C:/Users/HP/Documents/NetBeansProjects/JISDemo/web/signup.jsp</file>
            <file>file:/C:/Users/HP/Documents/NetBeansProjects/JISDemo/web/WEB-INF/web.xml</file>
            <file>file:/C:/Users/HP/Documents/NetBeansProjects/JISDemo/web/index.jsp</file>
            <file>file:/C:/Users/HP/Documents/NetBeansProjects/JISDemo/src/conf/MANIFEST.MF</file>
        </group>
    </open-files>
</project-private>
